ano,PRECTOTCORR,T2M,T2M_MAX,T2M_MIN,RH2M,GWETROOT,quebra_safra,amplitude_termica,precipitacao_por_temperatura,GWET_x_PREC
2015,1292.21,22.402684931506847,39.91,9.01,74.52550684931508,0.5899726027397261,1,30.9,57.67845798361204,762.3684969863015
2016,1243.65,21.43133879781421,37.37,3.24,76.41232240437158,0.6404918032786886,1,34.129999999999995,58.026798275829535,796.5476311475411
2017,1252.76,21.70049315068493,37.61,5.39,73.82443835616438,0.6018630136986302,1,32.22,57.72690345781396,753.9899090410959
2018,1126.4,22.172630136986303,36.06,5.82,72.08323287671233,0.5698630136986301,1,30.240000000000002,50.79907949403061,641.893698630137
2019,1056.55,22.77627397260274,39.1,4.43,70.78430136986302,0.5672054794520548,0,34.67,46.386147932841006,599.2809493150685
2020,945.17,22.513934426229508,42.03,6.12,68.06051912568306,0.5498360655737705,1,35.910000000000004,41.979691439780225,519.6885540983607
2021,810.0699999999999,22.595753424657534,40.24,1.77,63.82224657534246,0.5236986301369864,1,38.47,35.84895514751482,424.2325493150685
2022,1169.19,21.72868493150685,36.22,4.26,70.6381095890411,0.5611232876712329,1,31.96,53.80611838990535,656.0597367123288
2023,1107.2,22.494876712328765,41.25,6.09,72.08104109589041,0.5901369863013699,1,35.16,49.21790842644528,653.3996712328768
2024,945.61,23.89754098360656,40.01,4.59,62.32866120218579,0.5295901639344263,0,35.42,39.5676874437084,500.7857549180328
2025,633.73,23.08717808219178,38.32,2.68,61.98353424657535,0.5171780821917809,1,35.64,27.44824635984614,327.75126602739726
