ano,area_plantada_ha,area_colhida_ha,quantidade_produzida_t,rendimento_kg_ha,PRECTOTCORR,T2M,T2M_MAX,T2M_MIN,RH2M,GWETROOT
2015,625900.0,619900.0,1951710.0,3148.0,645.49,27.85090410958904,41.79,17.31,61.04627397260274,0.6356164383561644
2016,620000.0,615000.0,1771200.0,2880.0,1147.75,26.832431693989072,39.57,15.78,66.81090163934427,0.6589617486338798
2017,620000.0,620000.0,2157600.0,3480.0,1561.12,25.576301369863014,39.86,12.24,74.06309589041095,0.714904109589041
2018,600000.0,600000.0,2232000.0,3720.0,1903.15,25.089068493150684,39.71,13.42,77.65854794520547,0.7555890410958904
2019,605000.0,605000.0,2141700.0,3540.0,1210.35,26.609890410958904,40.91,15.47,68.2376712328767,0.6756986301369863
2020,590000.0,590000.0,2283300.0,3870.0,977.14,26.82428961748634,42.03,14.45,66.71478142076504,0.6558469945355191
2021,605000.0,598500.0,2010960.0,3360.0,1634.39,25.897616438356163,41.25,12.56,72.71808219178082,0.6972054794520548
2022,598500.0,598500.0,2118690.0,3540.0,1518.05,25.190383561643834,39.22,8.74,74.75495890410959,0.7338630136986302
2023,598500.0,598500.0,2244375.0,3750.0,1250.03,26.65753424657534,41.56,14.45,69.99227397260275,0.7064109589041095
2024,600000.0,599000.0,2084520.0,3480.0,1469.91,25.971584699453555,41.54,14.04,75.25784153005465,0.6902459016393443
2025,550000.0,550000.0,2343000.0,4260.0,982.06,27.0487397260274,41.3,15.86,64.56969863013698,0.649972602739726
